Permutation,Subject,SegDur,Accuracy
1,1,0.5,0.0173132511682288
2,1,0.5,0.00555308671426728
3,1,0.5,0.0192633139601905
4,1,0.5,0.0191911096065806
5,1,0.5,0.0200348620181164
6,1,0.5,0.0142149820721763
7,1,0.5,0.0187191009043549
8,1,0.5,0.0184591456583443
9,1,0.5,0.0167531056985577
10,1,0.5,0.0242912791795185
1,1,1,0.0346092907043382
2,1,1,0.031169359290261
3,1,1,0.0309249538656441
4,1,1,0.0243956254076032
5,1,1,0.0323603202911936
6,1,1,0.0281974366375838
7,1,1,0.0226880674456091
8,1,1,0.0199102498954026
9,1,1,0.0293688936395846
10,1,1,0.0297677867429391
1,1,2,0.0283447008567639
2,1,2,0.030954177797901
3,1,2,0.0335134722253778
4,1,2,0.0283880851322443
5,1,2,0.0350585011570433
6,1,2,0.035230390472061
7,1,2,0.0236668839957461
8,1,2,0.0351942590407003
9,1,2,0.0261921683683276
10,1,2,0.0259203755192975
1,1,3,0.0228752418958644
2,1,3,0.0350931642166396
3,1,3,0.0308827643322274
4,1,3,0.0279019402634241
5,1,3,0.0308551818920958
6,1,3,0.0369845630779783
7,1,3,0.0387322633951101
8,1,3,0.0313967498058205
9,1,3,0.0312129073299909
10,1,3,0.0403554196117452
1,1,4,0.0320477873805989
2,1,4,0.0343958844227264
3,1,4,0.0329413284622641
4,1,4,0.0275768372256113
5,1,4,0.0341769652959738
6,1,4,0.0330709662096657
7,1,4,0.0316082550360688
8,1,4,0.0309128479928264
9,1,4,0.0339620722514759
10,1,4,0.0331082845042097
1,1,5,0.0296081625055172
2,1,5,0.0387959762227379
3,1,5,0.0318612250325
4,1,5,0.0378691291661682
5,1,5,0.0270864923801464
6,1,5,0.026773910826368
7,1,5,0.0308725045764548
8,1,5,0.0354767281206125
9,1,5,0.0317321825425706
10,1,5,0.0244349476037538
1,1,10,0.0331232632858006
2,1,10,0.0355304206230218
3,1,10,0.0342072046971606
4,1,10,0.0348156067553721
5,1,10,0.0362899316672121
6,1,10,0.0327285436138875
7,1,10,0.0367649513827121
8,1,10,0.0301317690197826
9,1,10,0.0359491656222297
10,1,10,0.0384179835620591
1,1,20,0.0342030068785151
2,1,20,0.0303177234621804
3,1,20,0.0278375860921006
4,1,20,0.0409233115101169
5,1,20,0.028094269477677
6,1,20,0.0386636517702486
7,1,20,0.0377609768485941
8,1,20,0.026305886617034
9,1,20,0.0337132564996335
10,1,20,0.0314811871172644
1,1,30,0.0355262074914196
2,1,30,0.0272314826172269
3,1,30,0.0365725750791032
4,1,30,0.0372398999912761
5,1,30,0.0356811027045655
6,1,30,0.0299271171145904
7,1,30,0.0341495730465406
8,1,30,0.0327641577582804
9,1,30,0.0303177349913128
10,1,30,0.0415790198267789
1,1,40,0.0351024495449109
2,1,40,0.0345273784716647
3,1,40,0.0288003501387567
4,1,40,0.0376348424121036
5,1,40,0.0321262729008719
6,1,40,0.034473172143094
7,1,40,0.0386708268934646
8,1,40,0.0374466255114824
9,1,40,0.0378087115810308
10,1,40,0.030322058879767
1,1,60,0.0319737519477408
2,1,60,0.0368575360004475
3,1,60,0.0313961565198349
4,1,60,0.0309654620570839
5,1,60,0.03301434632386
6,1,60,0.0399262248100177
7,1,60,0.0383462394004757
8,1,60,0.0298613366344018
9,1,60,0.0387567115767383
10,1,60,0.0286157945624375
1,1,80,0.0392399880907765
2,1,80,0.0369648876870961
3,1,80,0.0367665169728712
4,1,80,0.032301203405192
5,1,80,0.0304452116910501
6,1,80,0.0417017398994132
7,1,80,0.0332258426976799
8,1,80,0.0398808938754779
9,1,80,0.0382822481625048
10,1,80,0.0391535165040352
1,1,160,0.0373528479535812
2,1,160,0.0322481549520833
3,1,160,0.0276673676238348
4,1,160,0.0265832642495914
5,1,160,0.0426240082995502
6,1,160,0.0382049273751589
7,1,160,0.0355275138451058
8,1,160,0.0421932121765924
9,1,160,0.0327550862941774
10,1,160,0.0401217931945247
1,2,0.5,0.00239983264999494
2,2,0.5,0.00318400816283657
3,2,0.5,0.0150755943679589
4,2,0.5,0.000863322665655267
5,2,0.5,0.0103538798186893
6,2,0.5,0.0125873648211321
7,2,0.5,0.00710449267218957
8,2,0.5,0.00234003699852982
9,2,0.5,0.00771121444821484
10,2,0.5,0.0130765436422362
1,2,1,0.00436638373957147
2,2,1,0.0104657384791786
3,2,1,0.0161112374050294
4,2,1,0.00320092095644
5,2,1,0.0184444158917681
6,2,1,0.0197023723884092
7,2,1,0.00889557057444368
8,2,1,0.0127151084359142
9,2,1,0.0147041989799777
10,2,1,0.00770510323038507
1,2,2,0.00121344575274166
2,2,2,0.00713904877881624
3,2,2,0.00704812847492483
4,2,2,0.0183817948830253
5,2,2,0.00977361540423056
6,2,2,0.0130848445736501
7,2,2,0.0124385593897321
8,2,2,0.00980023697493498
9,2,2,0.00503963492559213
10,2,2,0.0122093461161156
1,2,3,0.0128874326148217
2,2,3,0.00549907265550259
3,2,3,0.0104480418925146
4,2,3,0.0076279449072776
5,2,3,0.0145339859665518
6,2,3,0.0115624913400519
7,2,3,0.0127293064919534
8,2,3,0.0108541034856577
9,2,3,0.00832675124471235
10,2,3,0.0171714750025444
1,2,4,0.00931702534448423
2,2,4,0.0124827138003849
3,2,4,0.016504750659751
4,2,4,-0.00134785112826001
5,2,4,0.00740306778093038
6,2,4,0.0160006370175877
7,2,4,0.016308897681459
8,2,4,0.00263979976221551
9,2,4,0.00540939003002009
10,2,4,0.0107210062583884
1,2,5,5.68145550984281e-05
2,2,5,0.0132513747733932
3,2,5,0.0158961913203331
4,2,5,0.00741292799143973
5,2,5,0.0147612377857272
6,2,5,0.00901256872420561
7,2,5,0.0102101924981234
8,2,5,0.00645016863739812
9,2,5,-0.0100788481207837
10,2,5,0.00792003623773956
1,2,10,0.0166142990095186
2,2,10,0.0124094501010263
3,2,10,0.0097298926046949
4,2,10,0.00976497345563317
5,2,10,0.0161140945294071
6,2,10,0.0162983495734311
7,2,10,0.0143666967911429
8,2,10,0.00988712678241182
9,2,10,0.00757999929830307
10,2,10,0.00648168904284616
1,2,20,0.011289728034879
2,2,20,0.0114850616295521
3,2,20,0.00632696225326511
4,2,20,0.0101691771045027
5,2,20,0.0177240447608587
6,2,20,0.00861153702709719
7,2,20,0.0067963818076516
8,2,20,0.0173836369582835
9,2,20,0.0111665666444286
10,2,20,0.00995628063048221
1,2,30,0.0062548468585128
2,2,30,0.0103343787116642
3,2,30,0.00480232127946851
4,2,30,0.00851813355568176
5,2,30,0.00559164216814773
6,2,30,0.0174872883907907
7,2,30,0.00943141826576333
8,2,30,0.0143251084341979
9,2,30,0.0131180677398133
10,2,30,0.0030554495784821
1,2,40,0.00283288510604461
2,2,40,0.0101251922281372
3,2,40,0.00600666181075863
4,2,40,0.00597762915095554
5,2,40,0.00233395496122872
6,2,40,0.00901677687593971
7,2,40,0.00806724289026662
8,2,40,0.0152802628249193
9,2,40,-0.00256117640502333
10,2,40,0.00806859652762535
1,2,60,0.0118008408083911
2,2,60,-0.000339247776830863
3,2,60,0.0126786446520532
4,2,60,0.00506281606640672
5,2,60,0.00878944817367075
6,2,60,0.0115053878439609
7,2,60,0.00552866230892812
8,2,60,0.0136126247104359
9,2,60,0.0111201970914118
10,2,60,0.00838730073942433
1,2,80,0.0101486985934866
2,2,80,0.0114151553273371
3,2,80,0.00588026206730232
4,2,80,0.00332152486181385
5,2,80,0.0127821319874463
6,2,80,0.00878187787413111
7,2,80,0.0139360396826359
8,2,80,0.00980512240729445
9,2,80,0.0135160077223191
10,2,80,0.0144298776546237
1,2,160,0.0145575742836137
2,2,160,0.00317827161669849
3,2,160,0.00824100485554218
4,2,160,0.0135597902243527
5,2,160,0.00453183412121473
6,2,160,0.00870097149149676
7,2,160,0.00657161556795636
8,2,160,0.00972763072874732
9,2,160,0.0147831117002147
10,2,160,0.00607141616684767
1,3,0.5,0.0316952292428398
2,3,0.5,0.0316603466635523
3,3,0.5,0.0377316819110569
4,3,0.5,0.0358349445290932
5,3,0.5,0.0230182950878687
6,3,0.5,0.0360378378040623
7,3,0.5,0.0456203072896757
8,3,0.5,0.0306656673477968
9,3,0.5,0.0390770808696393
10,3,0.5,0.0257292324886792
1,3,1,0.0321450824121233
2,3,1,0.0310094135471895
3,3,1,0.0265917396472902
4,3,1,0.0313316305930265
5,3,1,0.0416262309604818
6,3,1,0.045544824740229
7,3,1,0.0309635627324352
8,3,1,0.0308788394140871
9,3,1,0.0431203974159546
10,3,1,0.0421943136088406
1,3,2,0.0449236020714388
2,3,2,0.0343293543579609
3,3,2,0.0370646513365466
4,3,2,0.0368931739863458
5,3,2,0.0343878138192704
6,3,2,0.0469908011929858
7,3,2,0.0440303993202076
8,3,2,0.0340755694261144
9,3,2,0.0335691045332309
10,3,2,0.0301038007263991
1,3,3,0.0266679998681811
2,3,3,0.0307029311927818
3,3,3,0.0337141110609648
4,3,3,0.0370781575170928
5,3,3,0.0436712187578197
6,3,3,0.0344921860702494
7,3,3,0.0385190539739648
8,3,3,0.0523238305867852
9,3,3,0.0479348380221505
10,3,3,0.0342193532187176
1,3,4,0.034725139911871
2,3,4,0.0405405208556022
3,3,4,0.0337770796414464
4,3,4,0.0387566820323077
5,3,4,0.0386798424191479
6,3,4,0.031418051320967
7,3,4,0.0296978452477676
8,3,4,0.0340656819559402
9,3,4,0.0403055685300242
10,3,4,0.0383593418238794
1,3,5,0.0419516141552851
2,3,5,0.0434906216788385
3,3,5,0.0374428519485821
4,3,5,0.040812692076315
5,3,5,0.0440483794311201
6,3,5,0.0375592340904954
7,3,5,0.0406847320451876
8,3,5,0.0387818973915438
9,3,5,0.0446627966353859
10,3,5,0.0451170499760928
1,3,10,0.033436763453649
2,3,10,0.0260359018627199
3,3,10,0.0299944113729892
4,3,10,0.0510718755603509
5,3,10,0.0460921349596861
6,3,10,0.0307271660527632
7,3,10,0.0403517089102459
8,3,10,0.033965146128823
9,3,10,0.0436802155986564
10,3,10,0.0362922113885784
1,3,20,0.0443523510105404
2,3,20,0.0320559517676938
3,3,20,0.0420848920796805
4,3,20,0.0397332887268684
5,3,20,0.043733851983928
6,3,20,0.0364248165343331
7,3,20,0.0375732946241399
8,3,20,0.0260200136026904
9,3,20,0.0436478987604905
10,3,20,0.0377808106913051
1,3,30,0.0396870032367718
2,3,30,0.0373138688692419
3,3,30,0.0304230673465241
4,3,30,0.0486145011690198
5,3,30,0.0416648762512314
6,3,30,0.043239900372347
7,3,30,0.0438777795918613
8,3,30,0.0378037959267611
9,3,30,0.0382085825922728
10,3,30,0.0419577824295566
1,3,40,0.0386771983433371
2,3,40,0.0414239578947057
3,3,40,0.0301446637427039
4,3,40,0.0353911490130907
5,3,40,0.0380215615988528
6,3,40,0.0442426995131908
7,3,40,0.0287218275041054
8,3,40,0.028592742405778
9,3,40,0.0303253651210281
10,3,40,0.04362388123008
1,3,60,0.043646920033848
2,3,60,0.0458164610203193
3,3,60,0.036493121298457
4,3,60,0.0304707632955656
5,3,60,0.0318479098154285
6,3,60,0.0423816778267141
7,3,60,0.0369401090693083
8,3,60,0.0343239068214804
9,3,60,0.0413204119239896
10,3,60,0.0347873620049439
1,3,80,0.0251269338449855
2,3,80,0.0361134697969299
3,3,80,0.0444369095567326
4,3,80,0.0359403727356488
5,3,80,0.0333653896551457
6,3,80,0.0419934868503814
7,3,80,0.0394803080568622
8,3,80,0.0408804422948528
9,3,80,0.03527995078066
10,3,80,0.0512568372510848
1,3,160,0.0368798903529318
2,3,160,0.0355184951873686
3,3,160,0.038733956974437
4,3,160,0.0375907130577245
5,3,160,0.0413094524492074
6,3,160,0.0335510055130556
7,3,160,0.0268528621738154
8,3,160,0.0414193379318056
9,3,160,0.0426849855466716
10,3,160,0.0378674358240868
1,4,0.5,0.0185150330808692
2,4,0.5,0.0170449554471274
3,4,0.5,0.0192961653899342
4,4,0.5,0.0297322163632605
5,4,0.5,0.0166120165206527
6,4,0.5,0.0211302458080629
7,4,0.5,0.0281530947060291
8,4,0.5,0.0230419233906084
9,4,0.5,0.0193719539732242
10,4,0.5,0.0208587016132775
1,4,1,0.0296425314469321
2,4,1,0.0222625175925349
3,4,1,0.0213263371361828
4,4,1,0.0231267634757737
5,4,1,0.028950313452647
6,4,1,0.0267661343351498
7,4,1,0.021690965069643
8,4,1,0.0227433322846907
9,4,1,0.0201082784457303
10,4,1,0.0330787197816464
1,4,2,0.0247989118616756
2,4,2,0.0182511287013021
3,4,2,0.0307631470589229
4,4,2,0.0233179220379629
5,4,2,0.036489606326462
6,4,2,0.0278586794682904
7,4,2,0.0244388354639591
8,4,2,0.0328858137372851
9,4,2,0.00654755907807373
10,4,2,0.0313861653596918
1,4,3,0.0290522805724639
2,4,3,0.0312757190356047
3,4,3,0.0276589629214177
4,4,3,0.0274589423442958
5,4,3,0.0281056848798726
6,4,3,0.0250075739294322
7,4,3,0.0231458095878781
8,4,3,0.0236500475990694
9,4,3,0.0323193983415377
10,4,3,0.0359687891067174
1,4,4,0.0290762398054619
2,4,4,0.0273627122186808
3,4,4,0.0214796364753641
4,4,4,0.0217525920946609
5,4,4,0.0277126295893452
6,4,4,0.0184367572658457
7,4,4,0.0278824764848142
8,4,4,0.0210387815834675
9,4,4,0.0276002116764016
10,4,4,0.0378038313773815
1,4,5,0.0223870690834979
2,4,5,0.0272218658253961
3,4,5,0.0229901318515674
4,4,5,0.0197362766743298
5,4,5,0.0260550384875082
6,4,5,0.0236404647971611
7,4,5,0.0238599976354424
8,4,5,0.0315435410968426
9,4,5,0.0149120801802068
10,4,5,0.0312486024929458
1,4,10,0.0342476342868584
2,4,10,0.0327625454034247
3,4,10,0.0295589944278346
4,4,10,0.0183474311394854
5,4,10,0.0289653894684586
6,4,10,0.0147167159068251
7,4,10,0.0245048631601114
8,4,10,0.0293332612654807
9,4,10,0.0235160470962214
10,4,10,0.0175138168109468
1,4,20,0.0310614630827947
2,4,20,0.0305810479698259
3,4,20,0.0243304424204056
4,4,20,0.0229442108295743
5,4,20,0.0276713427207989
6,4,20,0.0207002784919124
7,4,20,0.0309851972067996
8,4,20,0.0302063823130086
9,4,20,0.0225147166860629
10,4,20,0.0258882225769186
1,4,30,0.0284186649104985
2,4,30,0.0288834551007828
3,4,30,0.0213140400714675
4,4,30,0.0195269045421374
5,4,30,0.0225013090198084
6,4,30,0.0423162113499422
7,4,30,0.0116107141012403
8,4,30,0.0199637949923596
9,4,30,0.0203006026922823
10,4,30,0.0259141618585202
1,4,40,0.0162222577069555
2,4,40,0.0263088900683413
3,4,40,0.0189797870541278
4,4,40,0.0178757742293767
5,4,40,0.0296624642522143
6,4,40,0.0264735450680362
7,4,40,0.0218433149817402
8,4,40,0.023887398387439
9,4,40,0.0186364738488293
10,4,40,0.0262172224368292
1,4,60,0.0235436450697741
2,4,60,0.0246190415686174
3,4,60,0.0220152613692304
4,4,60,0.0271247543046103
5,4,60,0.0329983648500182
6,4,60,0.01552729830227
7,4,60,0.0252762632876941
8,4,60,0.026213697928892
9,4,60,0.0325846524141228
10,4,60,0.0171924542151229
1,4,80,0.0228392111219851
2,4,80,0.0285306810217004
3,4,80,0.0293085351735415
4,4,80,0.0300949635252499
5,4,80,0.0300254119396062
6,4,80,0.0244825448163538
7,4,80,0.0230985190672242
8,4,80,0.0275200799461214
9,4,80,0.0262014917353079
10,4,80,0.0262182197484306
1,4,160,0.00496486169014304
2,4,160,0.0240117338259185
3,4,160,0.0224048382981569
4,4,160,0.029704002768979
5,4,160,0.021527311678811
6,4,160,0.0234195972258307
7,4,160,0.0235451649353172
8,4,160,0.0240207129210896
9,4,160,0.0193555681864884
10,4,160,0.012755781423788
1,5,0.5,0.0337524653541171
2,5,0.5,0.028891037934463
3,5,0.5,0.0242439054373706
4,5,0.5,0.0197606688476339
5,5,0.5,0.0298456758954374
6,5,0.5,0.0197475404960663
7,5,0.5,0.0252554154084342
8,5,0.5,0.0205983287999507
9,5,0.5,0.0181953323430235
10,5,0.5,0.0297538294094586
1,5,1,0.0361798633411938
2,5,1,0.0296824956397473
3,5,1,0.0349902565247674
4,5,1,0.0329704355869148
5,5,1,0.0355385296625352
6,5,1,0.0276211757161629
7,5,1,0.030986416233767
8,5,1,0.0265851430802594
9,5,1,0.0253094142654114
10,5,1,0.032184150477786
1,5,2,0.0344700667300892
2,5,2,0.0422986808233991
3,5,2,0.039247251873042
4,5,2,0.0303476471204114
5,5,2,0.0387875938310984
6,5,2,0.0263398183108842
7,5,2,0.0324024665037935
8,5,2,0.0358535038703754
9,5,2,0.0272240914793954
10,5,2,0.0353376172370057
1,5,3,0.0359859092810236
2,5,3,0.0284429601177853
3,5,3,0.0319615718433849
4,5,3,0.0299070389260903
5,5,3,0.0361934452712634
6,5,3,0.0398860195396554
7,5,3,0.039029629641093
8,5,3,0.0442144087573155
9,5,3,0.0309454648338008
10,5,3,0.0357728295292616
1,5,4,0.0307474276413943
2,5,4,0.0368403016222654
3,5,4,0.0295823219618258
4,5,4,0.0237490083478129
5,5,4,0.0375196561470067
6,5,4,0.0378159883980693
7,5,4,0.0298551150026086
8,5,4,0.0327644272464487
9,5,4,0.0313975729098729
10,5,4,0.0265371545504069
1,5,5,0.0304640923914547
2,5,5,0.0299802179783294
3,5,5,0.0319143943834204
4,5,5,0.0293987539830182
5,5,5,0.0351285036176224
6,5,5,0.0401689006417677
7,5,5,0.0413638584342994
8,5,5,0.0351245975566947
9,5,5,0.0386430155666276
10,5,5,0.0383058051172591
1,5,10,0.0442892625236369
2,5,10,0.0425697645160815
3,5,10,0.034744678095947
4,5,10,0.0302273893258822
5,5,10,0.034695703799016
6,5,10,0.040248903494664
7,5,10,0.034961490524368
8,5,10,0.0365185843641845
9,5,10,0.0384675814070444
10,5,10,0.0380988787001515
1,5,20,0.0420033347212305
2,5,20,0.0392913844597714
3,5,20,0.0380906821539254
4,5,20,0.0390063862122752
5,5,20,0.0299045521921646
6,5,20,0.046326462537268
7,5,20,0.0356853286250609
8,5,20,0.0314309967109357
9,5,20,0.0426351396455788
10,5,20,0.0337572145702283
1,5,30,0.0358081926258555
2,5,30,0.0346166185630243
3,5,30,0.0439975284034274
4,5,30,0.0462361110317088
5,5,30,0.0345385849220127
6,5,30,0.0240580681586416
7,5,30,0.0341674238423562
8,5,30,0.0442383092007712
9,5,30,0.0378877043554965
10,5,30,0.0380411169450623
1,5,40,0.0341190424955394
2,5,40,0.0404719113669558
3,5,40,0.042748230247921
4,5,40,0.0392782621919985
5,5,40,0.0368548811319543
6,5,40,0.0268917440163761
7,5,40,0.0400164421011739
8,5,40,0.044124850521491
9,5,40,0.0434829367805286
10,5,40,0.0347330004863176
1,5,60,0.0364874725865398
2,5,60,0.0324062534179558
3,5,60,0.0313969306668854
4,5,60,0.0320746959046572
5,5,60,0.0376297424970134
6,5,60,0.0260370467060322
7,5,60,0.0376077771033635
8,5,60,0.0208343218516087
9,5,60,0.0382923220915317
10,5,60,0.0390317019068143
1,5,80,0.0421642526823716
2,5,80,0.0350422257934739
3,5,80,0.0322047116014412
4,5,80,0.0340157029153846
5,5,80,0.0418039808158758
6,5,80,0.0413004724373942
7,5,80,0.030013843075686
8,5,80,0.0321721212117325
9,5,80,0.0364957420123648
10,5,80,0.0353952268340712
1,5,160,0.0367617851820164
2,5,160,0.0378945714507295
3,5,160,0.0385163297593109
4,5,160,0.0442349223447202
5,5,160,0.0466589470558797
6,5,160,0.0365284126410398
7,5,160,0.0380257374535858
8,5,160,0.0378289304472664
9,5,160,0.0319151617781038
10,5,160,0.0466293637922317
1,6,0.5,0.0511507514362443
2,6,0.5,0.0404899323147569
3,6,0.5,0.0408110650371834
4,6,0.5,0.045256588654986
5,6,0.5,0.0383664887309785
6,6,0.5,0.042834901946531
7,6,0.5,0.0383833781410624
8,6,0.5,0.0437534705097496
9,6,0.5,0.0344074085189544
10,6,0.5,0.0446091630150074
1,6,1,0.0399635835576692
2,6,1,0.0434094343088047
3,6,1,0.03617460441437
4,6,1,0.0517602215158275
5,6,1,0.0541757065802211
6,6,1,0.0514723783265186
7,6,1,0.0466282300139873
8,6,1,0.0401631704392444
9,6,1,0.0603399210813197
10,6,1,0.0354742354221467
1,6,2,0.0575372769280961
2,6,2,0.0514395774582452
3,6,2,0.0534872388539063
4,6,2,0.0543793693331452
5,6,2,0.0474708889701707
6,6,2,0.0453536025223358
7,6,2,0.055582444243198
8,6,2,0.0535833640312193
9,6,2,0.0449010824908385
10,6,2,0.0482757017038937
1,6,3,0.0572379145266364
2,6,3,0.0469696875273821
3,6,3,0.0584755504836029
4,6,3,0.0466832115815201
5,6,3,0.0521069864751633
6,6,3,0.0591830930692632
7,6,3,0.0511606997716079
8,6,3,0.0624390538043066
9,6,3,0.0546813907359123
10,6,3,0.0482394513319868
1,6,4,0.0456034194486639
2,6,4,0.0495930991385921
3,6,4,0.0471673998068537
4,6,4,0.0617549884083354
5,6,4,0.0659387510043948
6,6,4,0.0503033424153693
7,6,4,0.0590417028179695
8,6,4,0.0669450076640612
9,6,4,0.0487930551561134
10,6,4,0.0645546169526471
1,6,5,0.0555822237828886
2,6,5,0.0489608671491374
3,6,5,0.0614214575409703
4,6,5,0.0569793798777016
5,6,5,0.0614757330721926
6,6,5,0.0513923160188705
7,6,5,0.04630458449346
8,6,5,0.0501389338535518
9,6,5,0.0490115286145349
10,6,5,0.0500603045316238
1,6,10,0.0481547354697875
2,6,10,0.0531060033569529
3,6,10,0.0507960211789807
4,6,10,0.0610282574281918
5,6,10,0.0417853927813144
6,6,10,0.0456229378141629
7,6,10,0.0539974550849238
8,6,10,0.0522251691451613
9,6,10,0.0556420716508291
10,6,10,0.0564086943868973
1,6,20,0.0615289336662706
2,6,20,0.0582719521389686
3,6,20,0.0542571555056688
4,6,20,0.0630495732313632
5,6,20,0.0423474959204449
6,6,20,0.0480925670457159
7,6,20,0.0545965855051539
8,6,20,0.0570358633163186
9,6,20,0.053306681471273
10,6,20,0.0546556279730438
1,6,30,0.0484611147597959
2,6,30,0.049983571430166
3,6,30,0.0511618670114149
4,6,30,0.048884517091312
5,6,30,0.0468637321613245
6,6,30,0.0561190310087123
7,6,30,0.0589349624108585
8,6,30,0.0465807380153204
9,6,30,0.0552297683733181
10,6,30,0.0488716283623849
1,6,40,0.0402705508279
2,6,40,0.052089340627237
3,6,40,0.0465571257699267
4,6,40,0.0558089190533643
5,6,40,0.0531467815155369
6,6,40,0.0514269160166135
7,6,40,0.0567569055620142
8,6,40,0.0545600160673791
9,6,40,0.0536520142376399
10,6,40,0.0398943557402636
1,6,60,0.0460632025419228
2,6,60,0.0541296863699148
3,6,60,0.0574000164954631
4,6,60,0.0500990636440309
5,6,60,0.0558324022907385
6,6,60,0.0502205311382527
7,6,60,0.0501565248601907
8,6,60,0.0510267152929631
9,6,60,0.0621486881460266
10,6,60,0.0614551756920191
1,6,80,0.0503203498082916
2,6,80,0.0515046459292831
3,6,80,0.0332305691867431
4,6,80,0.0455831330783152
5,6,80,0.0525785992905378
6,6,80,0.0447634816044754
7,6,80,0.0519637258536185
8,6,80,0.0460448785111643
9,6,80,0.0488579774915773
10,6,80,0.0430250560242642
1,6,160,0.0498358352528448
2,6,160,0.0477928751604803
3,6,160,0.0402984900900001
4,6,160,0.0510723171430449
5,6,160,0.0476588366911068
6,6,160,0.0472228777372424
7,6,160,0.0515518276794608
8,6,160,0.0523750498562906
9,6,160,0.0505556988599307
10,6,160,0.0564616424238555
1,7,0.5,0.00919479344503243
2,7,0.5,0.0182639337175022
3,7,0.5,0.0276029916789356
4,7,0.5,0.0204222657827653
5,7,0.5,0.0191894375551528
6,7,0.5,0.0184295747257213
7,7,0.5,0.0227659031386207
8,7,0.5,0.0180237647289419
9,7,0.5,0.0189462041957903
10,7,0.5,0.0248983055988293
1,7,1,0.024766282985178
2,7,1,0.0223440390692491
3,7,1,0.0160920841675106
4,7,1,0.0250680620721234
5,7,1,0.0196309448810381
6,7,1,0.0212920545868653
7,7,1,0.0219102880194948
8,7,1,0.0164035984108305
9,7,1,0.0211361343958651
10,7,1,0.0122591551768521
1,7,2,0.0238532795114289
2,7,2,0.0221414716807419
3,7,2,0.0242771592969273
4,7,2,0.0159142226102504
5,7,2,0.0168647447831651
6,7,2,0.0199655156354406
7,7,2,0.0180346086108954
8,7,2,0.0208848163647641
9,7,2,0.0174160284563659
10,7,2,0.0135626056891866
1,7,3,0.0126555026319555
2,7,3,0.0135844888525213
3,7,3,0.02687379874091
4,7,3,0.0210541803073557
5,7,3,0.0144625544394681
6,7,3,0.0196644246674079
7,7,3,0.0213713735702807
8,7,3,0.027953398654217
9,7,3,0.0221959669268861
10,7,3,0.0191263265190593
1,7,4,0.0129572840492114
2,7,4,0.0197707020705656
3,7,4,0.00985952605951304
4,7,4,0.0187530553149268
5,7,4,0.0171003383158739
6,7,4,0.0168342177191292
7,7,4,0.0279025683930222
8,7,4,0.0261495532856567
9,7,4,0.0225366642583818
10,7,4,0.0210978463633258
1,7,5,0.0205887832115463
2,7,5,0.0274784910482466
3,7,5,0.0235083773450031
4,7,5,0.0245325916693627
5,7,5,0.0275743008219771
6,7,5,0.0321010894325769
7,7,5,0.0247864525190932
8,7,5,0.0245623641501766
9,7,5,0.0157066718370964
10,7,5,0.0200448314365201
1,7,10,0.022723986469524
2,7,10,0.0181304549285823
3,7,10,0.0225554952391238
4,7,10,0.0131497255204271
5,7,10,0.020729383240617
6,7,10,0.0203124216370236
7,7,10,0.0185151183894383
8,7,10,0.0153492022311195
9,7,10,0.0204093481178324
10,7,10,0.0232090047657474
1,7,20,0.0243803602478132
2,7,20,0.0161796881589126
3,7,20,0.0139980309116248
4,7,20,0.0172906053857021
5,7,20,0.0161889046862624
6,7,20,0.0123369108506144
7,7,20,0.0154890230174714
8,7,20,0.015418035992966
9,7,20,0.0157938475396864
10,7,20,0.0242992300576803
1,7,30,0.0268472103496986
2,7,30,0.0165220575848782
3,7,30,0.0235115356997274
4,7,30,0.0128387315559772
5,7,30,0.0142531807557528
6,7,30,0.0155846545336758
7,7,30,0.0196545716506478
8,7,30,0.0232235957314414
9,7,30,0.0210874793542707
10,7,30,0.0223355756695749
1,7,40,0.0159362560610347
2,7,40,0.014248361759285
3,7,40,0.0327217095193849
4,7,40,0.0213197789129488
5,7,40,0.0345484595231397
6,7,40,0.0166185068807283
7,7,40,0.0212711832166571
8,7,40,0.0253642662916656
9,7,40,0.0168611045654764
10,7,40,0.0178120190317966
1,7,60,0.021640434770713
2,7,60,0.0249959394631262
3,7,60,0.0220954549523946
4,7,60,0.0214502867171689
5,7,60,0.00859080321176866
6,7,60,0.0178996104050183
7,7,60,0.0182325283134052
8,7,60,0.0173979210001516
9,7,60,0.0267695558832731
10,7,60,0.0144297859543054
1,7,80,0.0135318573794432
2,7,80,0.0133882469340306
3,7,80,0.0196502955742548
4,7,80,0.0105341682616643
5,7,80,0.0147005493844553
6,7,80,0.0151574072108797
7,7,80,0.0191055687483823
8,7,80,0.0167843097627103
9,7,80,0.0186961476847971
10,7,80,0.0154409986362631
1,7,160,0.0139450664411648
2,7,160,0.0148767326955216
3,7,160,0.021565238561995
4,7,160,0.0229376849151698
5,7,160,0.0169325011644504
6,7,160,0.0134851926098747
7,7,160,0.0311498205980635
8,7,160,0.0159972948464419
9,7,160,0.01776682911008
10,7,160,0.0252403900517102
1,8,0.5,0.0189339365256544
2,8,0.5,0.0135254171997979
3,8,0.5,0.0174723908452476
4,8,0.5,0.00610358013229328
5,8,0.5,0.0206566136278106
6,8,0.5,0.0234015732832549
7,8,0.5,0.0192059885750813
8,8,0.5,0.019722763450465
9,8,0.5,0.0171255934730833
10,8,0.5,0.0230907469034595
1,8,1,0.0182742818974431
2,8,1,0.0226833815883548
3,8,1,0.0161830433375088
4,8,1,0.024038641087514
5,8,1,0.0185216883109022
6,8,1,0.0170050830394001
7,8,1,0.0329263989191218
8,8,1,0.0198394879311755
9,8,1,0.0230187870342853
10,8,1,0.0359290072218381
1,8,2,0.030689973855726
2,8,2,0.0320675032023462
3,8,2,0.0288844403187558
4,8,2,0.0227083661047848
5,8,2,0.0252747962885317
6,8,2,0.0362653321204674
7,8,2,0.0324508941163414
8,8,2,0.0220535637305744
9,8,2,0.0231828861858675
10,8,2,0.022341540893245
1,8,3,0.0240950605193423
2,8,3,0.0314880823849642
3,8,3,0.0321116261941931
4,8,3,0.0286768414089312
5,8,3,0.0219057200902715
6,8,3,0.030107807685076
7,8,3,0.0297010202332081
8,8,3,0.0321412161205077
9,8,3,0.0246568198103235
10,8,3,0.0312512020652936
1,8,4,0.0241096409082903
2,8,4,0.0250414099549275
3,8,4,0.0313470146568851
4,8,4,0.023770281028575
5,8,4,0.0472971293646219
6,8,4,0.0309184986621287
7,8,4,0.0210023800287071
8,8,4,0.0240371777751932
9,8,4,0.0329166243880111
10,8,4,0.0438066008952448
1,8,5,0.0171751789340318
2,8,5,0.032742376161769
3,8,5,0.0292758400455608
4,8,5,0.042296906522197
5,8,5,0.0359506704222797
6,8,5,0.0431791960481667
7,8,5,0.0288592768624504
8,8,5,0.0300254798362094
9,8,5,0.0226131355849779
10,8,5,0.0317307177482841
1,8,10,0.0332844082697541
2,8,10,0.0338688835514804
3,8,10,0.034395446291443
4,8,10,0.0282083361721685
5,8,10,0.0272479627225978
6,8,10,0.0294470685325517
7,8,10,0.0281654290000876
8,8,10,0.0368842137002506
9,8,10,0.0334021458568338
10,8,10,0.0307409015195237
1,8,20,0.0406140526723179
2,8,20,0.0280141081355568
3,8,20,0.0382374288253058
4,8,20,0.0297370439724924
5,8,20,0.0346006705756745
6,8,20,0.0308944341501684
7,8,20,0.0271959772145463
8,8,20,0.0349600626130957
9,8,20,0.0330447251904012
10,8,20,0.0301634959645836
1,8,30,0.0290802638401267
2,8,30,0.0288059996277495
3,8,30,0.0387666422839534
4,8,30,0.0390821618829054
5,8,30,0.0327082693003824
6,8,30,0.0339377614872046
7,8,30,0.0368402463604451
8,8,30,0.0256250557300612
9,8,30,0.0280461220962074
10,8,30,0.0443923797333788
1,8,40,0.0254829878188716
2,8,40,0.037401858812441
3,8,40,0.0284951904100111
4,8,40,0.0323829642404585
5,8,40,0.0373759236806704
6,8,40,0.0304521799234391
7,8,40,0.0258694180606067
8,8,40,0.0292448940845284
9,8,40,0.0311443969010337
10,8,40,0.0354172235998674
1,8,60,0.0305810897851576
2,8,60,0.0452947511302835
3,8,60,0.0354407145212671
4,8,60,0.0373644116975899
5,8,60,0.0361264488189365
6,8,60,0.0275386344347682
7,8,60,0.0336767913349185
8,8,60,0.0334929385256725
9,8,60,0.0274250958451644
10,8,60,0.0291855191254889
1,8,80,0.0401377962845261
2,8,80,0.030536871849392
3,8,80,0.0352393705106847
4,8,80,0.0331941577482725
5,8,80,0.0387307821947779
6,8,80,0.0262409495026251
7,8,80,0.0304714771591162
8,8,80,0.0302632577902155
9,8,80,0.0397971064465024
10,8,80,0.0357855884416479
1,8,160,0.027999031250675
2,8,160,0.0274168748684209
3,8,160,0.0415796709756415
4,8,160,0.0286121698121737
5,8,160,0.0367643719841688
6,8,160,0.0228255726604913
7,8,160,0.0318085458173308
8,8,160,0.0369831804526488
9,8,160,0.0230679303375939
10,8,160,0.0320757357318652
1,9,0.5,0.0110025684844673
2,9,0.5,0.0125395782247191
3,9,0.5,0.00260226785102711
4,9,0.5,0.0174208631466937
5,9,0.5,0.000704723299386148
6,9,0.5,0.00988545340169578
7,9,0.5,0.0115200814760557
8,9,0.5,0.0127978683908321
9,9,0.5,-0.00160963222897595
10,9,0.5,0.0149165175508449
1,9,1,0.0159500202786028
2,9,1,0.0100580749220234
3,9,1,0.0133481935179218
4,9,1,0.0183917658886329
5,9,1,0.00895089806840492
6,9,1,0.00458363691776795
7,9,1,0.00606964001749072
8,9,1,0.0105993468438044
9,9,1,0.0116925705162553
10,9,1,0.0281710799182131
1,9,2,0.0167111684236795
2,9,2,0.0172938273127578
3,9,2,0.015462694880937
4,9,2,0.016424126792334
5,9,2,0.0151723994985834
6,9,2,-0.00489523453697442
7,9,2,0.00927505151379429
8,9,2,0.0151957542441627
9,9,2,0.0138371741821702
10,9,2,0.023910576058817
1,9,3,0.0204363315747108
2,9,3,0.0147592808924323
3,9,3,0.025182219009251
4,9,3,0.0055895640935102
5,9,3,0.00634580639677783
6,9,3,0.00806248005160326
7,9,3,0.018475866735692
8,9,3,0.0139475219001847
9,9,3,0.00788584906667859
10,9,3,0.0073725315611684
1,9,4,0.0209393317830025
2,9,4,0.015350239775275
3,9,4,0.0227193159766179
4,9,4,0.0200972958602442
5,9,4,0.0254782302761716
6,9,4,0.0173843935308116
7,9,4,0.0202861992660807
8,9,4,0.0129672019198714
9,9,4,0.0122096294905853
10,9,4,0.0162481324242413
1,9,5,0.00885059450643817
2,9,5,0.0196970841338189
3,9,5,0.0182986569944158
4,9,5,0.0264305439831234
5,9,5,0.0166431318314961
6,9,5,0.0213135632336352
7,9,5,0.0132151797970524
8,9,5,0.0215247292610189
9,9,5,0.0161712115686081
10,9,5,0.021031243777334
1,9,10,0.0264773011583281
2,9,10,0.00724893237303737
3,9,10,0.0109317661984939
4,9,10,0.0111901193713339
5,9,10,0.0260454101527147
6,9,10,0.0167382556904648
7,9,10,0.00513530061896639
8,9,10,0.0143563688917351
9,9,10,0.0102862337818769
10,9,10,0.00941019282208307
1,9,20,0.02093598307096
2,9,20,0.0177837987382961
3,9,20,0.0137381953977951
4,9,20,0.0157719118215835
5,9,20,0.0139127479450029
6,9,20,0.0179054338999487
7,9,20,0.0101090101801678
8,9,20,0.0109719194448495
9,9,20,0.012961114389056
10,9,20,0.025390026987516
1,9,30,0.0101423837909381
2,9,30,0.0192803102200609
3,9,30,0.0129774460903736
4,9,30,0.0122002458903663
5,9,30,0.00857550849709952
6,9,30,0.0214744620401417
7,9,30,0.0124261973267202
8,9,30,0.00944391956804239
9,9,30,0.0156588865594019
10,9,30,0.00158545945017687
1,9,40,0.00805060709963817
2,9,40,0.0196735486244788
3,9,40,0.0102961843597168
4,9,40,0.0133769905462884
5,9,40,0.00928419315037289
6,9,40,0.0151064776448681
7,9,40,0.0142385390156673
8,9,40,0.0183496141858156
9,9,40,0.0147512099699162
10,9,40,0.0150444960868168
1,9,60,0.0228866579726788
2,9,60,0.0161028876577763
3,9,60,0.00683502443235079
4,9,60,0.00802033582488943
5,9,60,-0.00241574022848629
6,9,60,0.0108403570437156
7,9,60,0.010172020654385
8,9,60,0.0103524776314719
9,9,60,0.0158906578002842
10,9,60,0.0188593431874877
1,9,80,0.0124394108647093
2,9,80,0.01724240778444
3,9,80,0.0180128359680457
4,9,80,0.0158634907566707
5,9,80,0.00674823901615917
6,9,80,0.0110215522209111
7,9,80,0.0101514707852288
8,9,80,0.0100091570601032
9,9,80,0.0119854360343196
10,9,80,0.00942787356099971
1,9,160,0.021422368654076
2,9,160,0.00790162984605522
3,9,160,0.0155874073921367
4,9,160,0.0068198835108216
5,9,160,0.0118762104930575
6,9,160,0.016084423256479
7,9,160,0.0204584998134079
8,9,160,0.0112788597052947
9,9,160,0.00925380962531171
10,9,160,0.010271396019087
1,10,0.5,0.0530994917044665
2,10,0.5,0.0498219866158478
3,10,0.5,0.0287821365790949
4,10,0.5,0.0512800218787148
5,10,0.5,0.0353689928180871
6,10,0.5,0.032989334042118
7,10,0.5,0.0381192104664067
8,10,0.5,0.0523074751358047
9,10,0.5,0.0332394602337471
10,10,0.5,0.0415087250888362
1,10,1,0.0479237629721377
2,10,1,0.0553518510525762
3,10,1,0.0462324815840457
4,10,1,0.0514856387485715
5,10,1,0.0544905939586632
6,10,1,0.0505475801773257
7,10,1,0.0430350294168647
8,10,1,0.0529223984161692
9,10,1,0.0491173817482913
10,10,1,0.0538649745336061
1,10,2,0.0431980148623775
2,10,2,0.0578717023464565
3,10,2,0.0563904743283306
4,10,2,0.0540830355084868
5,10,2,0.0542358420019174
6,10,2,0.0608643092489585
7,10,2,0.0604341140577428
8,10,2,0.0512414129009121
9,10,2,0.0427503573798127
10,10,2,0.0496427714676365
1,10,3,0.0576902255780487
2,10,3,0.0628067450103799
3,10,3,0.0525959744304947
4,10,3,0.0633836739757506
5,10,3,0.0518874806574665
6,10,3,0.0603691042264743
7,10,3,0.0610579868108676
8,10,3,0.0621493097153475
9,10,3,0.0588051187499254
10,10,3,0.0567313576824228
1,10,4,0.0509329976455508
2,10,4,0.0590065714515438
3,10,4,0.057106812573596
4,10,4,0.059928478779253
5,10,4,0.0604499676900052
6,10,4,0.0670385524195221
7,10,4,0.0495880895774849
8,10,4,0.0424510189356609
9,10,4,0.0552663971307791
10,10,4,0.0562943228151339
1,10,5,0.0685851707980987
2,10,5,0.0579065734660426
3,10,5,0.0672281690552218
4,10,5,0.0583599560440436
5,10,5,0.0631032943645198
6,10,5,0.0520288006479182
7,10,5,0.055231026930327
8,10,5,0.0583101660804346
9,10,5,0.0574501123323884
10,10,5,0.0516104331618426
1,10,10,0.0611475283976465
2,10,10,0.0676757784805666
3,10,10,0.0628536834861557
4,10,10,0.0631646048517275
5,10,10,0.0670763529340166
6,10,10,0.0619752504120532
7,10,10,0.05726187191999
8,10,10,0.0494651781956993
9,10,10,0.0569899248676743
10,10,10,0.0401747906531187
1,10,20,0.0563596069564978
2,10,20,0.0483213697581111
3,10,20,0.0690273810879918
4,10,20,0.0541177860820961
5,10,20,0.0505367491460724
6,10,20,0.0585767768963407
7,10,20,0.0536447484830931
8,10,20,0.0556605733438075
9,10,20,0.0519810997026518
10,10,20,0.0610509527905069
1,10,30,0.0501711370443744
2,10,30,0.0559360161124215
3,10,30,0.0517729842148127
4,10,30,0.0632040119417229
5,10,30,0.0517009671901054
6,10,30,0.0491554331801129
7,10,30,0.0664611471628798
8,10,30,0.0531176202999403
9,10,30,0.0463767579445766
10,10,30,0.0433391892825356
1,10,40,0.063993466745757
2,10,40,0.0578803861427121
3,10,40,0.056691388372448
4,10,40,0.0499691059658078
5,10,40,0.0481726855246788
6,10,40,0.056040112924596
7,10,40,0.0545609828362211
8,10,40,0.054070256029229
9,10,40,0.057709501912486
10,10,40,0.0671718696857328
1,10,60,0.0546630316737413
2,10,60,0.0650857825179468
3,10,60,0.050842440098009
4,10,60,0.0583754552324749
5,10,60,0.0547965975961832
6,10,60,0.0616253299613471
7,10,60,0.0515699999959329
8,10,60,0.0501449776656228
9,10,60,0.0536710088886388
10,10,60,0.0504708658461099
1,10,80,0.0614910072703571
2,10,80,0.0581895609726772
3,10,80,0.0551965987093286
4,10,80,0.0667942232217857
5,10,80,0.058998942222082
6,10,80,0.061260452350104
7,10,80,0.0500857017367954
8,10,80,0.0531853440468574
9,10,80,0.0603801067411093
10,10,80,0.0730383900068851
1,10,160,0.0640621477847188
2,10,160,0.0612143139735154
3,10,160,0.0641020713075332
4,10,160,0.0560390284547364
5,10,160,0.0565035204876251
6,10,160,0.0660074147104476
7,10,160,0.0558886308159924
8,10,160,0.0580561250375823
9,10,160,0.0595638452400167
10,10,160,0.0590973892748024
1,11,0.5,-0.00129084404429075
2,11,0.5,0.011647159237688
3,11,0.5,-0.00415588491115696
4,11,0.5,0.00560910492269907
5,11,0.5,0.0164903621379675
6,11,0.5,0.0174412599049839
7,11,0.5,0.00647908510808331
8,11,0.5,0.0153808584349597
9,11,0.5,0.0105465468377486
10,11,0.5,0.00517020776317199
1,11,1,0.0183032361468787
2,11,1,-9.28024740598265e-05
3,11,1,0.0159810459895117
4,11,1,0.0147477423677094
5,11,1,0.0175261214495985
6,11,1,0.021109625647341
7,11,1,0.00983832164181091
8,11,1,0.0115741299936468
9,11,1,0.0020225016850734
10,11,1,0.0168035981716108
1,11,2,0.0160931997702482
2,11,2,0.0129557092094342
3,11,2,0.0111573384562814
4,11,2,0.00895457520645565
5,11,2,0.0114727241710834
6,11,2,0.014571669738982
7,11,2,0.0067291388509768
8,11,2,0.00289059822785897
9,11,2,0.00362500952980418
10,11,2,0.010337593720789
1,11,3,0.0170149181213381
2,11,3,0.0161744100681862
3,11,3,0.02043835382328
4,11,3,0.0144405335334018
5,11,3,0.0122686567374301
6,11,3,0.0225921547879764
7,11,3,0.0107862611939686
8,11,3,0.0179306658746656
9,11,3,0.0244340562170661
10,11,3,0.00894411752980111
1,11,4,0.0117864599786922
2,11,4,0.0235936370854599
3,11,4,0.0205222015335699
4,11,4,0.0150255499166054
5,11,4,0.0144829097477449
6,11,4,0.0170620122901145
7,11,4,0.0142237631771951
8,11,4,0.018674430910722
9,11,4,0.0103137692733881
10,11,4,0.0119903877933307
1,11,5,0.0172331260341487
2,11,5,0.0116314273980371
3,11,5,0.0182458178196497
4,11,5,0.0117525307002924
5,11,5,0.0118618055376542
6,11,5,0.00823198104810092
7,11,5,0.0169625037500245
8,11,5,0.00641453631392697
9,11,5,0.0072192942959499
10,11,5,0.00720280979423141
1,11,10,0.0238786234234814
2,11,10,0.0149069885972988
3,11,10,0.0241890155532003
4,11,10,0.0161501577558962
5,11,10,0.0241748945291951
6,11,10,0.0150112340203064
7,11,10,0.0066448271022442
8,11,10,0.022265712891099
9,11,10,0.0187786772583641
10,11,10,0.0141765308539629
1,11,20,0.015711395504215
2,11,20,0.0223852107512918
3,11,20,0.0143208086065582
4,11,20,0.0118827126396967
5,11,20,0.0266727265970665
6,11,20,0.0130437553399491
7,11,20,0.0150291487683032
8,11,20,0.0144586251861707
9,11,20,0.0150048669844108
10,11,20,0.0131050116327221
1,11,30,0.0221833582938414
2,11,30,0.0110382606115803
3,11,30,0.00476376231960312
4,11,30,0.0207719572406493
5,11,30,0.0167703959469779
6,11,30,0.0190919496916934
7,11,30,0.018491496017576
8,11,30,0.0189809430708324
9,11,30,0.012195925876053
10,11,30,0.0234945008166396
1,11,40,0.0194493581681877
2,11,40,0.0224149353067989
3,11,40,0.0183947688048569
4,11,40,0.0149722239412385
5,11,40,0.0118855133580219
6,11,40,0.0176731623291518
7,11,40,0.0195748165868973
8,11,40,0.0204221474278808
9,11,40,0.0162756173694086
10,11,40,0.0128626689269007
1,11,60,0.012970130495451
2,11,60,0.00122157950719013
3,11,60,0.00537728546491993
4,11,60,0.00934851700157904
5,11,60,0.0158999161777161
6,11,60,0.000650007298713506
7,11,60,0.00501833683205991
8,11,60,-0.00600457156055891
9,11,60,0.012537366597844
10,11,60,0.00102713534329555
1,11,80,0.0150531632100044
2,11,80,0.0203792786331477
3,11,80,0.0171747660624567
4,11,80,0.0136090577626905
5,11,80,0.00941453266867479
6,11,80,0.00697529845603687
7,11,80,0.000121407688401903
8,11,80,0.0141872437162231
9,11,80,0.0124492242924053
10,11,80,0.0120064927122519
1,11,160,0.0222197090392642
2,11,160,0.0169945650375617
3,11,160,0.024646020455756
4,11,160,0.0129635235540742
5,11,160,0.0265736284944795
6,11,160,0.0211346359182514
7,11,160,0.00747132741213615
8,11,160,-0.000159668154212923
9,11,160,0.0158103811037306
10,11,160,0.0179043031096682
1,12,0.5,0.0381709070336599
2,12,0.5,0.0321218791322946
3,12,0.5,0.0153501289191442
4,12,0.5,0.026714187083687
5,12,0.5,0.0249445593249797
6,12,0.5,0.0288014943972785
7,12,0.5,0.029599654981726
8,12,0.5,0.031862331487486
9,12,0.5,0.0314911887682589
10,12,0.5,0.0347905898290282
1,12,1,0.0216897318349625
2,12,1,0.0331216229216393
3,12,1,0.0265608934707716
4,12,1,0.0315259505250412
5,12,1,0.0265286106937811
6,12,1,0.0462996768550024
7,12,1,0.0311010338909448
8,12,1,0.0379892912377027
9,12,1,0.0258818709377906
10,12,1,0.0396932418639457
1,12,2,0.0333511823683412
2,12,2,0.0421306466616987
3,12,2,0.0419921463537833
4,12,2,0.0298132089142909
5,12,2,0.036409800229904
6,12,2,0.0304784647520233
7,12,2,0.0290767791641732
8,12,2,0.0353894835372291
9,12,2,0.0377333910555824
10,12,2,0.0359083416180752
1,12,3,0.0379792939497613
2,12,3,0.0360882775040525
3,12,3,0.0448487517817454
4,12,3,0.0373062887539468
5,12,3,0.043988707500537
6,12,3,0.0439010537571557
7,12,3,0.0274228390747284
8,12,3,0.0330726875726715
9,12,3,0.0398749952178043
10,12,3,0.0395161584158952
1,12,4,0.0459898783346303
2,12,4,0.0297152589679382
3,12,4,0.0233522752896279
4,12,4,0.0314265463816198
5,12,4,0.0316612392141444
6,12,4,0.0257951378475602
7,12,4,0.0410546124532352
8,12,4,0.0433117469847591
9,12,4,0.0474885000086683
10,12,4,0.0341349995246231
1,12,5,0.0366077082921706
2,12,5,0.0386661517402913
3,12,5,0.0409502322068839
4,12,5,0.0429520357437917
5,12,5,0.0369079542445731
6,12,5,0.0345202182194582
7,12,5,0.0305452398196181
8,12,5,0.0433389846582987
9,12,5,0.0387725271302428
10,12,5,0.0279533767777559
1,12,10,0.0406476074901582
2,12,10,0.0397654416006612
3,12,10,0.0370504068103086
4,12,10,0.0284123225594138
5,12,10,0.0403495265991645
6,12,10,0.0343733069035417
7,12,10,0.0348462840003095
8,12,10,0.0335141859491847
9,12,10,0.0317557017086588
10,12,10,0.0281563614418827
1,12,20,0.0372250273460432
2,12,20,0.0296175073104266
3,12,20,0.0385271558428332
4,12,20,0.0414063854047299
5,12,20,0.0402890739024692
6,12,20,0.0298218889336228
7,12,20,0.0491680635817144
8,12,20,0.0427652205206034
9,12,20,0.0421946827168946
10,12,20,0.0393531934070398
1,12,30,0.0388956911717674
2,12,30,0.0352195501634635
3,12,30,0.0357371210034542
4,12,30,0.0403086966959625
5,12,30,0.0275531015111047
6,12,30,0.0261424068398565
7,12,30,0.0521991358663504
8,12,30,0.0319449290533086
9,12,30,0.0303659759221393
10,12,30,0.021087699395335
1,12,40,0.0357238078745931
2,12,40,0.0485091619799905
3,12,40,0.0410732419199468
4,12,40,0.0346565009776528
5,12,40,0.0313174245681217
6,12,40,0.0244552261357966
7,12,40,0.037591162425588
8,12,40,0.0445480921932844
9,12,40,0.0365684073092767
10,12,40,0.0376145761993892
1,12,60,0.0293101685667464
2,12,60,0.0341418601699013
3,12,60,0.0362257295749646
4,12,60,0.0508463377325351
5,12,60,0.0342127590544591
6,12,60,0.036967950236113
7,12,60,0.0386347444806667
8,12,60,0.0193819356603952
9,12,60,0.0351175126909442
10,12,60,0.0415501355415341
1,12,80,0.0291236036054465
2,12,80,0.0336832949711085
3,12,80,0.0517435723512919
4,12,80,0.0236706477154334
5,12,80,0.0376085781013959
6,12,80,0.0295481072395102
7,12,80,0.0455030537215256
8,12,80,0.0386662563763169
9,12,80,0.0443070003781533
10,12,80,0.038365807534576
1,12,160,0.0408213432514136
2,12,160,0.0279663381288336
3,12,160,0.018553759127027
4,12,160,0.0301545042993476
5,12,160,0.0341592099287928
6,12,160,0.0263277223497203
7,12,160,0.0247856676835758
8,12,160,0.0244504621153564
9,12,160,0.0141568599594559
10,12,160,0.0409899418192139
1,13,0.5,0.03310079148621
2,13,0.5,0.0250594324665905
3,13,0.5,0.0276687535163739
4,13,0.5,0.0359286128104763
5,13,0.5,0.0249882412504941
6,13,0.5,0.0396393904963052
7,13,0.5,0.0318385793391986
8,13,0.5,0.035363691037235
9,13,0.5,0.0345090414993621
10,13,0.5,0.0352259835801298
1,13,1,0.0434217661144129
2,13,1,0.0300449604938674
3,13,1,0.0397321758210213
4,13,1,0.0314563341824785
5,13,1,0.0332531613187216
6,13,1,0.0348932053552795
7,13,1,0.0395683283217191
8,13,1,0.0437306337604594
9,13,1,0.044208571705985
10,13,1,0.0392983475953173
1,13,2,0.0401856582626778
2,13,2,0.0421983314969638
3,13,2,0.0468268295327676
4,13,2,0.0380629214817791
5,13,2,0.0357166053619484
6,13,2,0.0378339759754206
7,13,2,0.0332526378429757
8,13,2,0.0460764001822149
9,13,2,0.0449838490167504
10,13,2,0.0396902408907166
1,13,3,0.0385919956293238
2,13,3,0.0543616870571678
3,13,3,0.0477943541426909
4,13,3,0.0258256976169279
5,13,3,0.0406173901061034
6,13,3,0.0285754771917646
7,13,3,0.033569676019158
8,13,3,0.0318287825238153
9,13,3,0.0381645407962288
10,13,3,0.047861578134216
1,13,4,0.0437021051484578
2,13,4,0.0362470172261644
3,13,4,0.0449895000329223
4,13,4,0.0344852092855335
5,13,4,0.0382444178329483
6,13,4,0.0333551821826122
7,13,4,0.0408247485737547
8,13,4,0.0342011190111087
9,13,4,0.0412924868921758
10,13,4,0.0319313014163778
1,13,5,0.0246566075171194
2,13,5,0.0351632117735081
3,13,5,0.0366316556923685
4,13,5,0.0340565547040773
5,13,5,0.0392698520682024
6,13,5,0.0406240564300201
7,13,5,0.0382262441267753
8,13,5,0.0441417248312197
9,13,5,0.0331561938146388
10,13,5,0.0346399274388737
1,13,10,0.0412789536041039
2,13,10,0.0434742522953972
3,13,10,0.0365983618820941
4,13,10,0.0396686533051642
5,13,10,0.0434142989863806
6,13,10,0.0362088667151159
7,13,10,0.0464170601971879
8,13,10,0.0412303565883551
9,13,10,0.0390761857159764
10,13,10,0.0422787962825582
1,13,20,0.0464080157820707
2,13,20,0.0408074864922398
3,13,20,0.0419651897035807
4,13,20,0.0375636255198563
5,13,20,0.0417229031171985
6,13,20,0.0415217881467376
7,13,20,0.0361198572899457
8,13,20,0.0434717518946535
9,13,20,0.0315206579006823
10,13,20,0.0356324001174724
1,13,30,0.0395072046829845
2,13,30,0.0374741447453621
3,13,30,0.0360950018345175
4,13,30,0.0402210399014659
5,13,30,0.0366346171651378
6,13,30,0.0357219247834434
7,13,30,0.0375783923887712
8,13,30,0.0370590954072198
9,13,30,0.0281339724391378
10,13,30,0.0264968073440579
1,13,40,0.0338181495494519
2,13,40,0.0423170157791391
3,13,40,0.0439646430406143
4,13,40,0.0455669830237573
5,13,40,0.0446736027893369
6,13,40,0.0483556010076718
7,13,40,0.0382567802689848
8,13,40,0.0448342858769118
9,13,40,0.0307252927365103
10,13,40,0.0368568435871642
1,13,60,0.0424505468891287
2,13,60,0.0382501859440591
3,13,60,0.0467229373480783
4,13,60,0.0381476887926695
5,13,60,0.0443424669127489
6,13,60,0.0344675901189372
7,13,60,0.0363697969729644
8,13,60,0.023930967135709
9,13,60,0.0443309217769331
10,13,60,0.0373327460899599
1,13,80,0.0412841568424497
2,13,80,0.0373967977822332
3,13,80,0.0310552747288075
4,13,80,0.0370074272107602
5,13,80,0.038199658026561
6,13,80,0.0495722792447302
7,13,80,0.0419835913521107
8,13,80,0.0255451440252448
9,13,80,0.0474509010081193
10,13,80,0.0352900612901035
1,13,160,0.0357632333661302
2,13,160,0.0338118266582978
3,13,160,0.0273568651637536
4,13,160,0.0495539543955588
5,13,160,0.0497980697221725
6,13,160,0.0426115894995774
7,13,160,0.0421102353574493
8,13,160,0.0374425484153111
9,13,160,0.0378161252761033
10,13,160,0.0368923871352196
1,14,0.5,0.0227421603517668
2,14,0.5,0.02023074171148
3,14,0.5,0.0257191353670289
4,14,0.5,0.0275963821901246
5,14,0.5,0.0222286856787447
6,14,0.5,0.0306292713669294
7,14,0.5,0.0332373077015944
8,14,0.5,0.0322650609400382
9,14,0.5,0.030850746583016
10,14,0.5,0.0304230889904899
1,14,1,0.0235078150698673
2,14,1,0.025935441964473
3,14,1,0.0377525026134764
4,14,1,0.0355936363641799
5,14,1,0.026885826455066
6,14,1,0.0205240050262613
7,14,1,0.0266653606518733
8,14,1,0.0214955188041356
9,14,1,0.0387687291366703
10,14,1,0.0288769400495445
1,14,2,0.024488922098496
2,14,2,0.0274941548476113
3,14,2,0.030138817750286
4,14,2,0.0287597676757103
5,14,2,0.0313669358007925
6,14,2,0.0295823706881961
7,14,2,0.035537803448859
8,14,2,0.040102641640675
9,14,2,0.0273631861901646
10,14,2,0.0380891937393648
1,14,3,0.0310695898348174
2,14,3,0.0294192511919018
3,14,3,0.0212291932334295
4,14,3,0.0357336135116317
5,14,3,0.0308914659126608
6,14,3,0.0333606811192183
7,14,3,0.0276515139265729
8,14,3,0.0196580062291222
9,14,3,0.0353612119089728
10,14,3,0.0275775202687418
1,14,4,0.0263005078824586
2,14,4,0.034178281127232
3,14,4,0.0309583946933751
4,14,4,0.0327507321311251
5,14,4,0.0289098168317707
6,14,4,0.0383002847658372
7,14,4,0.0310781175579482
8,14,4,0.0286457419615544
9,14,4,0.03801897648254
10,14,4,0.038182284680287
1,14,5,0.0340964354026966
2,14,5,0.0292142113649572
3,14,5,0.034311682409482
4,14,5,0.0374461473898
5,14,5,0.0293835961304236
6,14,5,0.0332880996539328
7,14,5,0.0302304142776003
8,14,5,0.0346202274543848
9,14,5,0.0279172592972662
10,14,5,0.024614209754442
1,14,10,0.027793902292156
2,14,10,0.0278516928791779
3,14,10,0.0381011475457114
4,14,10,0.038577915592119
5,14,10,0.0282174032676621
6,14,10,0.0326773100059437
7,14,10,0.0291179294825318
8,14,10,0.0285601195093422
9,14,10,0.0312158409534483
10,14,10,0.0200773873688169
1,14,20,0.0345461162982345
2,14,20,0.0388150446573257
3,14,20,0.0420261879620932
4,14,20,0.024331186073034
5,14,20,0.0243596790819273
6,14,20,0.0299409845415282
7,14,20,0.031040830341097
8,14,20,0.0352153217405542
9,14,20,0.0321806569494782
10,14,20,0.0308317048022964
1,14,30,0.0228700044834955
2,14,30,0.0296449095151799
3,14,30,0.0355496046125242
4,14,30,0.0377576167952498
5,14,30,0.0229905052606208
6,14,30,0.0301709346551344
7,14,30,0.0314318450106447
8,14,30,0.0303473092207911
9,14,30,0.0289291136261107
10,14,30,0.0200091935284846
1,14,40,0.0267211920136039
2,14,40,0.0248297493702873
3,14,40,0.0282799350252108
4,14,40,0.0308773865134227
5,14,40,0.0443542122951925
6,14,40,0.0367437308933304
7,14,40,0.0328135892764627
8,14,40,0.0210237847990893
9,14,40,0.0310893255537141
10,14,40,0.0378031720416633
1,14,60,0.0288447095397374
2,14,60,0.0382413754260011
3,14,60,0.0262102093048976
4,14,60,0.0275594270810663
5,14,60,0.0355572946194435
6,14,60,0.0301143013544096
7,14,60,0.0346930352871124
8,14,60,0.0315200748042969
9,14,60,0.0336211163256121
10,14,60,0.0325763190807173
1,14,80,0.0354716192757203
2,14,80,0.0254893526281626
3,14,80,0.0363545391143899
4,14,80,0.0236621887483146
5,14,80,0.0270077470576906
6,14,80,0.0324084960222194
7,14,80,0.0226974504294007
8,14,80,0.0247668463744393
9,14,80,0.0362348571899895
10,14,80,0.0310866674369075
1,14,160,0.037716250679687
2,14,160,0.0270036559571428
3,14,160,0.0328119758594568
4,14,160,0.0387812906757866
5,14,160,0.0281391751359404
6,14,160,0.0292945373209638
7,14,160,0.0387841217442461
8,14,160,0.0258057967206712
9,14,160,0.0232514292870871
10,14,160,0.0267399027017852
1,15,0.5,0.0200414416487478
2,15,0.5,0.00347568461040671
3,15,0.5,0.00353379997065118
4,15,0.5,0.00562116587615246
5,15,0.5,0.009937165523849
6,15,0.5,0.0185944960054404
7,15,0.5,0.0119757583196467
8,15,0.5,0.0062629026874185
9,15,0.5,0.00362549865964287
10,15,0.5,0.021241139272971
1,15,1,0.00954393171110312
2,15,1,0.0110286534704599
3,15,1,0.0112502838444912
4,15,1,0.0111761165395482
5,15,1,0.0135652364970491
6,15,1,0.00139570972381334
7,15,1,0.00639868258211783
8,15,1,0.0206544961436023
9,15,1,0.0086307155398814
10,15,1,0.016010325810914
1,15,2,0.0184218465033587
2,15,2,0.0210894649502063
3,15,2,0.0199841898335708
4,15,2,0.0155842734476899
5,15,2,0.0146378217077786
6,15,2,0.0185463110227037
7,15,2,0.0225092985203281
8,15,2,0.0183895625151678
9,15,2,0.0263045649064295
10,15,2,0.012738587244474
1,15,3,0.0242254282623025
2,15,3,0.00702502933540358
3,15,3,0.020245237868814
4,15,3,0.0229410332681008
5,15,3,0.0164594428261253
6,15,3,0.0186471619642651
7,15,3,0.0119509721405219
8,15,3,0.0199046905297009
9,15,3,0.0154370035810218
10,15,3,0.018369087898599
1,15,4,0.0109404545745562
2,15,4,0.0264255078289625
3,15,4,0.0231135499797029
4,15,4,0.0063265836566697
5,15,4,0.0145296611150404
6,15,4,0.0136198300101495
7,15,4,0.0228606749238413
8,15,4,0.0127967744836968
9,15,4,0.0198752645561744
10,15,4,0.0112118573751778
1,15,5,0.0196717948166894
2,15,5,0.016829443412951
3,15,5,0.0198685010946662
4,15,5,0.0216312514139289
5,15,5,0.00796878814786616
6,15,5,0.012862201821092
7,15,5,0.0137635711697673
8,15,5,0.0117855008143608
9,15,5,0.0038285355446941
10,15,5,0.0185119329178173
1,15,10,0.020245256278674
2,15,10,0.0187676762274065
3,15,10,0.0167188606310766
4,15,10,0.011162104149553
5,15,10,0.0150178377167714
6,15,10,0.0108060459950774
7,15,10,0.0204812204802085
8,15,10,0.0158057612359184
9,15,10,0.00938693660541281
10,15,10,0.0102694199180151
1,15,20,0.0216339433045032
2,15,20,0.00934846977569113
3,15,20,0.00806787624331526
4,15,20,0.0152741673292547
5,15,20,0.0162615929777046
6,15,20,0.0162772820895304
7,15,20,0.0175351815614659
8,15,20,0.0218175879690547
9,15,20,0.0156860978312282
10,15,20,0.0142991865030085
1,15,30,0.025611478729641
2,15,30,0.018143043189194
3,15,30,0.0128974533482259
4,15,30,0.00213058854048847
5,15,30,0.0192775547877691
6,15,30,0.0257887469612473
7,15,30,0.0158643333655972
8,15,30,0.0164086903220374
9,15,30,0.0230177537574368
10,15,30,0.009739389416121
1,15,40,0.0144854795388795
2,15,40,0.0151116095801668
3,15,40,0.0189613081472682
4,15,40,0.0218074768947288
5,15,40,0.0190071756270254
6,15,40,0.0181293940205601
7,15,40,0.0155294910599254
8,15,40,0.0183706698271911
9,15,40,0.0120586857537665
10,15,40,0.0140502822388404
1,15,60,0.0125855386231424
2,15,60,0.0159341020755932
3,15,60,0.0163689165218788
4,15,60,0.0152590893921474
5,15,60,0.0121547294599332
6,15,60,0.0246812383929143
7,15,60,0.0153730454612458
8,15,60,0.0163779489010191
9,15,60,0.00751060397513583
10,15,60,0.0201748912005057
1,15,80,0.00948290401558088
2,15,80,0.0187907009782958
3,15,80,0.0139448520522539
4,15,80,0.0170863813103783
5,15,80,0.00898983512424028
6,15,80,0.0125620022883552
7,15,80,0.0141470684153074
8,15,80,0.0163629361624842
9,15,80,0.0224859464506141
10,15,80,0.0147598715321612
1,15,160,0.0202274314632784
2,15,160,0.0190507751818585
3,15,160,0.0142951991018786
4,15,160,0.0223282780121571
5,15,160,0.0114027862776973
6,15,160,0.0212551923516375
7,15,160,0.0141156836712346
8,15,160,0.0224064762448276
9,15,160,0.0175998692168118
10,15,160,0.0227790951785748
1,16,0.5,0.0241736116710454
2,16,0.5,0.0142718740611278
3,16,0.5,0.0221398621151106
4,16,0.5,0.0174210020904407
5,16,0.5,0.0167686884031938
6,16,0.5,0.0189287253043812
7,16,0.5,0.0172334895889146
8,16,0.5,0.00598850895737841
9,16,0.5,0.0147582594612065
10,16,0.5,0.0126538105578593
1,16,1,0.0118479614299892
2,16,1,0.0171719883115576
3,16,1,0.0268141702711153
4,16,1,0.0158322174166037
5,16,1,0.0322614535842518
6,16,1,0.0225224712380365
7,16,1,0.0195017873012488
8,16,1,0.0267826696433603
9,16,1,0.0249667095066965
10,16,1,0.0137074357742913
1,16,2,0.031575181878115
2,16,2,0.0234935624669082
3,16,2,0.030616552124802
4,16,2,0.0261387657077933
5,16,2,0.0247867658720456
6,16,2,0.0184686258993343
7,16,2,0.0202058443677138
8,16,2,0.0329500077950674
9,16,2,0.0225777137434841
10,16,2,0.020655962878549
1,16,3,0.0356068439727216
2,16,3,0.0239447916917288
3,16,3,0.0254033330192193
4,16,3,0.0293757643711731
5,16,3,0.0264261725739976
6,16,3,0.0126962822126557
7,16,3,0.0250680992001549
8,16,3,0.0286055162441031
9,16,3,0.02924214963567
10,16,3,0.0339012684624835
1,16,4,0.0240811578884743
2,16,4,0.0191131735703175
3,16,4,0.0382229087588465
4,16,4,0.0324328651104361
5,16,4,0.024288629638058
6,16,4,0.026100380231963
7,16,4,0.0223242962197918
8,16,4,0.0347423416362196
9,16,4,0.0155372835810593
10,16,4,0.0260890436122885
1,16,5,0.0294818550547252
2,16,5,0.0333662541146353
3,16,5,0.0255742158853472
4,16,5,0.0329698758330084
5,16,5,0.0312298204418918
6,16,5,0.0266874095115137
7,16,5,0.0183950095933249
8,16,5,0.0317761048660846
9,16,5,0.0310930666671802
10,16,5,0.033325640003976
1,16,10,0.0258636319955009
2,16,10,0.016116821745116
3,16,10,0.028987775916966
4,16,10,0.0294898586848648
5,16,10,0.0247797191203897
6,16,10,0.0321292998164034
7,16,10,0.0315584014121347
8,16,10,0.034382794265689
9,16,10,0.0278458733133777
10,16,10,0.0213257268691204
1,16,20,0.0379529564315894
2,16,20,0.0305051832892706
3,16,20,0.0220196834484202
4,16,20,0.0252444500484128
5,16,20,0.0234188727563443
6,16,20,0.0261844740280063
7,16,20,0.0240092788369886
8,16,20,0.0192111818295892
9,16,20,0.0247834791038495
10,16,20,0.0287575172461752
1,16,30,0.0343195237256761
2,16,30,0.0126773836739104
3,16,30,0.0398125101940244
4,16,30,0.0327215198622424
5,16,30,0.0333604684001825
6,16,30,0.0275551011707006
7,16,30,0.0195483420245265
8,16,30,0.00578583913632614
9,16,30,0.029027897410326
10,16,30,0.0227798361696978
1,16,40,0.0330783719103184
2,16,40,0.0247708761828437
3,16,40,0.0264201035495439
4,16,40,0.0331817041825368
5,16,40,0.0316981783831802
6,16,40,0.0222613107566592
7,16,40,0.0269173032616747
8,16,40,0.0316631498635954
9,16,40,0.0252498345900588
10,16,40,0.0202398232305064
1,16,60,0.02367290055961
2,16,60,0.0255541703457128
3,16,60,0.0360969975503452
4,16,60,0.0350381594758774
5,16,60,0.0172879079772417
6,16,60,0.0398913185933374
7,16,60,0.0225776935778255
8,16,60,0.0289220388805542
9,16,60,0.0445134717995708
10,16,60,0.0307464900835336
1,16,80,0.0228705351703394
2,16,80,0.0248072552546288
3,16,80,0.0148798971806339
4,16,80,0.0389395494354394
5,16,80,0.0307070632666187
6,16,80,0.03598192723443
7,16,80,0.025491239002617
8,16,80,0.0263655198344205
9,16,80,0.0175051018225007
10,16,80,0.0292319230351392
1,16,160,0.0123347532457683
2,16,160,0.0179482768615652
3,16,160,0.0222733446244464
4,16,160,0.0210401617976322
5,16,160,0.012235407214745
6,16,160,0.0286615916011482
7,16,160,0.0442421195706221
8,16,160,0.0397859563538921
9,16,160,0.0301084542536955
10,16,160,0.0352144728863095
1,17,0.5,0.023877831948352
2,17,0.5,0.0264358096957221
3,17,0.5,0.0201418886328088
4,17,0.5,0.0244041466520083
5,17,0.5,0.0142415285766811
6,17,0.5,0.0145672748180636
7,17,0.5,0.0201451021386606
8,17,0.5,0.0228021526216036
9,17,0.5,0.022868692227974
10,17,0.5,0.0144898011047468
1,17,1,0.0255920690280031
2,17,1,0.0184842209949618
3,17,1,0.0195298622250447
4,17,1,0.0239237349752655
5,17,1,0.0228567329508343
6,17,1,0.0202950559323825
7,17,1,0.0162156752607859
8,17,1,0.0279097167402807
9,17,1,0.0289707049154723
10,17,1,0.0190340058548183
1,17,2,0.025592550844866
2,17,2,0.0267383811722579
3,17,2,0.0238491961182659
4,17,2,0.0243655674499801
5,17,2,0.0209433522125058
6,17,2,0.022619054175939
7,17,2,0.0292340748137067
8,17,2,0.0323217897213
9,17,2,0.0210091842533791
10,17,2,0.0276800657967218
1,17,3,0.0261263537570473
2,17,3,0.0198610910737709
3,17,3,0.0263437296788832
4,17,3,0.0159512777771057
5,17,3,0.0205809802938814
6,17,3,0.0249727117997341
7,17,3,0.0323541969725369
8,17,3,0.0303196247120069
9,17,3,0.0191761900330056
10,17,3,0.0338783241735364
1,17,4,0.0280637922780668
2,17,4,0.0200791363851245
3,17,4,0.0242597252432579
4,17,4,0.0318425019328609
5,17,4,0.0261995095442606
6,17,4,0.0299867186794391
7,17,4,0.0333145774912574
8,17,4,0.0264909938086932
9,17,4,0.0266168854423685
10,17,4,0.0290786723233212
1,17,5,0.0268174946288183
2,17,5,0.0350476344434616
3,17,5,0.0303219018890234
4,17,5,0.0250325504174933
5,17,5,0.0274344514588476
6,17,5,0.031490549101673
7,17,5,0.0248928124444099
8,17,5,0.0263365300099262
9,17,5,0.0260146870670468
10,17,5,0.0331308834454302
1,17,10,0.0232628031437928
2,17,10,0.0278363615251991
3,17,10,0.0210118060747494
4,17,10,0.031119632798505
5,17,10,0.0222261965325147
6,17,10,0.0301056412649086
7,17,10,0.023110427326991
8,17,10,0.0357102636692081
9,17,10,0.0300342791368634
10,17,10,0.0273924752690217
1,17,20,0.0182133781975483
2,17,20,0.0267569998793598
3,17,20,0.0167502715837526
4,17,20,0.0177078224184308
5,17,20,0.0266838375081199
6,17,20,0.0289916107928695
7,17,20,0.0150087293561367
8,17,20,0.0185473180474648
9,17,20,0.0234001999581179
10,17,20,0.0304481163695599
1,17,30,0.0330175038966212
2,17,30,0.0164395921232188
3,17,30,0.0279796412516871
4,17,30,0.0208657508334991
5,17,30,0.0295309978367169
6,17,30,0.024253021784656
7,17,30,0.0260560018685248
8,17,30,0.032061273133741
9,17,30,0.0286985255276635
10,17,30,0.0183112605570889
1,17,40,0.0293153259202467
2,17,40,0.0248674348769924
3,17,40,0.0342928363973371
4,17,40,0.0275739632327699
5,17,40,0.0236387983935129
6,17,40,0.0293403653803117
7,17,40,0.0271797570372519
8,17,40,0.0306756157929192
9,17,40,0.0256744045115473
10,17,40,0.021181225230035
1,17,60,0.0221144020125274
2,17,60,0.0293027281582302
3,17,60,0.0265218077364214
4,17,60,0.0278788047902568
5,17,60,0.0290248150981239
6,17,60,0.0275413129526182
7,17,60,0.0174116115190091
8,17,60,0.0294587632849629
9,17,60,0.0279299572890277
10,17,60,0.0255891832627988
1,17,80,0.0329029757979873
2,17,80,0.0189806563255616
3,17,80,0.019699671217327
4,17,80,0.0249237016217644
5,17,80,0.0302440209303189
6,17,80,0.0395406237589317
7,17,80,0.0264060106889116
8,17,80,0.0293737335517373
9,17,80,0.0327750584880735
10,17,80,0.0261344860481089
1,17,160,0.0319593552972896
2,17,160,0.0356189588478943
3,17,160,0.0229851255737845
4,17,160,0.0263025436465804
5,17,160,0.0308838166774956
6,17,160,0.0250950523337671
7,17,160,0.0257835662957191
8,17,160,0.0370328897622995
9,17,160,0.0235546242973931
10,17,160,0.0289735538863519
1,18,0.5,0.00617692233956015
2,18,0.5,0.0103178349524782
3,18,0.5,0.00801326710009602
4,18,0.5,0.0181917791940659
5,18,0.5,0.00803345283120254
6,18,0.5,0.0123764058912271
7,18,0.5,0.0127367768336127
8,18,0.5,0.0146047852320843
9,18,0.5,0.00608757907481107
10,18,0.5,-0.00313852171916153
1,18,1,0.0165714545737398
2,18,1,0.00558083269019578
3,18,1,0.00975775184129014
4,18,1,0.0157831968874731
5,18,1,0.0231230422439311
6,18,1,0.0117218778724304
7,18,1,0.0143500029075497
8,18,1,0.00730823912666649
9,18,1,0.0193658644711868
10,18,1,0.0165417023300554
1,18,2,0.0182349549861012
2,18,2,0.0149970713929614
3,18,2,0.00741343547131033
4,18,2,0.0191458274408693
5,18,2,0.0114134136120927
6,18,2,0.0193183566896217
7,18,2,0.00888037498739452
8,18,2,0.0301730117272904
9,18,2,0.00971102329305841
10,18,2,0.0107422815620875
1,18,3,0.0175235627728409
2,18,3,0.0150966515270947
3,18,3,0.00496552512776299
4,18,3,0.00837924818579698
5,18,3,0.0237989636443876
6,18,3,0.01406942250395
7,18,3,0.020975319244068
8,18,3,0.0209983154455416
9,18,3,0.0224720289384294
10,18,3,0.0142676521518548
1,18,4,0.0113889952898691
2,18,4,0.0196452058531998
3,18,4,0.0109103385004836
4,18,4,0.0123412676001017
5,18,4,0.0150978689562006
6,18,4,0.0106872223397025
7,18,4,0.00875194797407175
8,18,4,0.0027214641989246
9,18,4,0.013502631536375
10,18,4,0.00736439393929527
1,18,5,0.011242708346589
2,18,5,0.0126872122542572
3,18,5,0.012529703269083
4,18,5,0.0135312022322775
5,18,5,0.0146432374636525
6,18,5,0.00407011721920236
7,18,5,0.0129470288741289
8,18,5,0.0164462352978418
9,18,5,0.0138678651797136
10,18,5,0.00939843738849602
1,18,10,0.0141354522690431
2,18,10,0.0167272123159608
3,18,10,0.0165211676880662
4,18,10,0.0131705983085302
5,18,10,0.014258512514717
6,18,10,0.0102083855760657
7,18,10,0.0176970869316802
8,18,10,0.0178566906398883
9,18,10,0.0147998691867842
10,18,10,0.0138402756171535
1,18,20,0.00878673510085634
2,18,20,0.0135676806535912
3,18,20,0.00164861302073875
4,18,20,0.0144851453848005
5,18,20,0.0128000450905393
6,18,20,0.00866123877294948
7,18,20,0.0228472004451795
8,18,20,0.00733269927972322
9,18,20,0.0132745409242428
10,18,20,0.0120581262940104
1,18,30,0.0216171152910217
2,18,30,0.0116507840766571
3,18,30,0.00465024923688252
4,18,30,0.026873608655122
5,18,30,0.0138924382982399
6,18,30,0.0137955857984676
7,18,30,0.0128199023109532
8,18,30,0.0197025767889786
9,18,30,0.01391644929765
10,18,30,0.0178544142462551
1,18,40,0.0102084819387221
2,18,40,0.0137499635121417
3,18,40,0.0162588641045452
4,18,40,0.0205014016778638
5,18,40,0.0145743487585227
6,18,40,0.020412013845361
7,18,40,0.01903147234145
8,18,40,0.0159773804537888
9,18,40,0.0114119571166773
10,18,40,0.012638286509743
1,18,60,0.01390596103428
2,18,60,0.00687007768245729
3,18,60,0.0212638243002064
4,18,60,0.0139721328218112
5,18,60,0.0178290796523669
6,18,60,0.0145126391979747
7,18,60,0.0168504560968577
8,18,60,0.0178265734935676
9,18,60,0.0040791675609683
10,18,60,0.0172976197269104
1,18,80,0.0109170046812759
2,18,80,0.0198515123308
3,18,80,0.0179631136840604
4,18,80,0.0162470780360915
5,18,80,0.0105906371632608
6,18,80,0.0140172895590622
7,18,80,0.015610243574945
8,18,80,0.0190734379682198
9,18,80,0.0196486951482373
10,18,80,0.0189567163120266
1,18,160,0.0123482114550615
2,18,160,0.0180945060351235
3,18,160,0.0137446008709625
4,18,160,0.0119846105356872
5,18,160,0.0111155786117928
6,18,160,0.0183156767338768
7,18,160,0.00221867259825495
8,18,160,0.0220227230149919
9,18,160,0.0195374396824155
10,18,160,0.015291980428018
1,19,0.5,0.0060758043317009
2,19,0.5,0.00797819090740567
3,19,0.5,0.0134537934575479
4,19,0.5,0.0133195299609075
5,19,0.5,0.0172732399602187
6,19,0.5,0.0141247030632068
7,19,0.5,0.0146907991424425
8,19,0.5,0.00859753258463025
9,19,0.5,0.00800932006024045
10,19,0.5,0.0154610859188374
1,19,1,0.0182165157752568
2,19,1,0.0226997524607265
3,19,1,0.0120407530257342
4,19,1,0.0199914258457114
5,19,1,0.0194641718921518
6,19,1,0.0226970373843586
7,19,1,0.0122227113057311
8,19,1,0.0135966944963489
9,19,1,0.0192706989927258
10,19,1,0.0108036104776134
1,19,2,0.0103887127287974
2,19,2,0.0158069366866585
3,19,2,0.0195289701275796
4,19,2,0.0167333775534239
5,19,2,0.0187885280377443
6,19,2,0.0274229280457331
7,19,2,0.0205120508351102
8,19,2,0.0116331153196896
9,19,2,0.0271638801954835
10,19,2,0.0163278363209481
1,19,3,0.0231207626651964
2,19,3,0.0212120544567531
3,19,3,0.0197988959523642
4,19,3,0.0237991400886539
5,19,3,0.0230407136168201
6,19,3,0.0243678983878837
7,19,3,0.0192072670358696
8,19,3,0.0247999108735782
9,19,3,0.0310311625806487
10,19,3,0.0221103697446574
1,19,4,0.0210038743733329
2,19,4,0.0290837506185788
3,19,4,0.0318725763357217
4,19,4,0.0204770035503111
5,19,4,0.0286585202827496
6,19,4,0.0261141065369511
7,19,4,0.0192003000534477
8,19,4,0.0240616208754564
9,19,4,0.0315883227979671
10,19,4,0.0200526968008262
1,19,5,0.0230477593246904
2,19,5,0.0217697887441523
3,19,5,0.0178132409897238
4,19,5,0.028739247918017
5,19,5,0.0198146991280195
6,19,5,0.0193538586369799
7,19,5,0.0125121135499784
8,19,5,0.0245123316614239
9,19,5,0.0164554661605698
10,19,5,0.0275788338230276
1,19,10,0.0232027712492914
2,19,10,0.0232295725484397
3,19,10,0.0236771999818695
4,19,10,0.0233818440710287
5,19,10,0.0247503756282896
6,19,10,0.0213657341552256
7,19,10,0.0200694383061798
8,19,10,0.0133072348619099
9,19,10,0.0167797405660516
10,19,10,0.0247671271500715
1,19,20,0.0297289500949648
2,19,20,0.0252345660065934
3,19,20,0.0199769972980551
4,19,20,0.022528734082576
5,19,20,0.0267595354633872
6,19,20,0.0276885304864132
7,19,20,0.0227447621918096
8,19,20,0.021875476010434
9,19,20,0.0232826503108309
10,19,20,0.0213568512672682
1,19,30,0.0186686080388518
2,19,30,0.0199498239740177
3,19,30,0.0231776476728915
4,19,30,0.01943431269634
5,19,30,0.0200311855698758
6,19,30,0.015779351433243
7,19,30,0.0229886126792449
8,19,30,0.0203796693086082
9,19,30,0.0194756929888922
10,19,30,0.0229338796021708
1,19,40,0.0205754058476257
2,19,40,0.0226426606651205
3,19,40,0.0229817061781844
4,19,40,0.0203343295494818
5,19,40,0.0149321261947095
6,19,40,0.0214213385974081
7,19,40,0.0205499890397543
8,19,40,0.0139573630789806
9,19,40,0.0180477263549883
10,19,40,0.0181148057734642
1,19,60,0.0159448476958184
2,19,60,0.0254703821511853
3,19,60,0.0287235787300187
4,19,60,0.028069776509638
5,19,60,0.0307618443245013
6,19,60,0.0178081818266148
7,19,60,0.019055176430285
8,19,60,0.0298881879587708
9,19,60,0.0262090352898595
10,19,60,0.0211288745539347
1,19,80,0.0207579209328647
2,19,80,0.0172533780204536
3,19,80,0.0116606797398428
4,19,80,0.018225421938982
5,19,80,0.0267505988947342
6,19,80,0.0217972244617498
7,19,80,0.0225409915007628
8,19,80,0.0151682651477995
9,19,80,0.0188937059549236
10,19,80,0.0179053949724171
1,19,160,0.0250090102333312
2,19,160,0.0256458125675611
3,19,160,0.0173352561180345
4,19,160,0.0216066663403822
5,19,160,0.0187940126926986
6,19,160,0.0265451206311033
7,19,160,0.0266254086363784
8,19,160,0.0214063894868633
9,19,160,0.0262123249799326
10,19,160,0.0165355447281897
